Security,N,Nfield,meanOpen,meanClose,meanHigh,meanLow,meanVolumn
A UN EquityFieldData.csv,4558,5,28.81768609,28.8301907,29.22832905,28.42255533,1366693.506
AAL UW EquityFieldData.csv,1023,5,42.15061584,42.16413978,42.7655132,41.55367644,2443773.395
AAP UN EquityFieldData.csv,4050,5,68.47544543,68.48933185,69.20708642,67.75167284,574942.9694
AAPL UW EquityFieldData.csv,8068,5,25.32237595,25.31513357,25.55508341,25.06103211,61614978.13
ABBV UN EquityFieldData.csv,1274,5,59.06471743,59.10518053,59.67856593,58.46745683,1975166.018
ABC UN EquityFieldData.csv,5437,5,32.500743,32.5121034,32.80745154,32.19686704,1755705.23
ABT UN EquityFieldData.csv,8066,5,19.37092767,19.38308722,19.55462256,19.19250808,2557312.65
ACN UN EquityFieldData.csv,4139,5,54.16774583,54.25555448,54.69297439,53.7264489,1461642.233
ADBE UW EquityFieldData.csv,7913,3,-99,-99,27.64964066,26.94404274,5544820.09
ADI UW EquityFieldData.csv,1447,5,57.18360746,57.19327229,57.67149274,56.66065999,840369.7643
ADM UN EquityFieldData.csv,8053,5,20.87032402,20.87271951,21.10078931,20.63640522,1686380.9
ADP UW EquityFieldData.csv,2315,5,63.43775317,63.48843741,63.89194829,62.98627603,975931.2639
ADS UN EquityFieldData.csv,4167,5,110.8809479,110.925294,112.0320936,109.7077101,331033.1212
ADSK UW EquityFieldData.csv,8068,3,-99,-99,22.98095055,22.33407067,2161207.43
AEE UN EquityFieldData.csv,5032,5,40.96117498,40.97362331,41.28285016,40.6238129,497998.3841
AEP UN EquityFieldData.csv,8066,5,38.85384887,38.86801915,39.15508771,38.53360805,728195.4431
AES UN EquityFieldData.csv,5338,5,16.7423604,16.7334736,16.99899895,16.45762516,1773637.962
AET UN EquityFieldData.csv,4288,5,51.34429291,51.37129291,51.93028708,50.78808372,2262439.636
AFL UN EquityFieldData.csv,8065,5,29.82231349,29.83775449,30.1340264,29.51506805,1137433.488
AGN UN EquityFieldData.csv,5106,5,84.96864434,84.93210713,85.95347004,83.91001586,606932.8351
AIG UN EquityFieldData.csv,8063,5,451.2017746,451.0803606,456.047195,445.8463031,731240.4421
AIV UN EquityFieldData.csv,5904,5,27.31724126,27.32502453,27.57515024,27.04537468,477592.2388
AIZ UN EquityFieldData.csv,3501,5,52.45073979,52.47253927,52.96053699,51.95823308,391704.2679
AJG UN EquityFieldData.csv,7488,5,23.2682924,23.28006122,23.4655041,23.06955557,227327.1327
AKAM UW EquityFieldData.csv,4574,4,39.33365928,39.24260728,40.18259158,38.39248384,-99
ALB UN EquityFieldData.csv,5995,5,33.59004656,33.6018014,33.98176832,33.19388694,270733.4689
ALGN UW EquityFieldData.csv,4259,5,33.14045276,33.14349324,33.60722958,32.64729735,339620.6321
ALK UN EquityFieldData.csv,8066,5,15.64627482,15.64633463,15.85098889,15.43296494,709614.1669
ALL UN EquityFieldData.csv,6191,5,41.75812961,41.77777559,42.16539753,41.37969834,1568617.196
ALLE UN EquityFieldData.csv,1037,5,63.67999036,63.69842816,64.21531051,63.14071649,178979.4928
ALXN UW EquityFieldData.csv,5498,5,45.85489307,45.83879089,46.55323365,45.07560311,713977.918
AMAT UW EquityFieldData.csv,8067,5,12.83155294,12.8258435,13.05498705,12.59845356,16446535.21
AMD UR EquityFieldData.csv,755,5,6.659278146,6.658443709,6.80005298,6.515854305,5937018.932
AME UN EquityFieldData.csv,5138,5,22.05416695,22.06868013,22.248808,21.85974005,549778.7094
AMG UN EquityFieldData.csv,5059,5,91.57142874,91.56857881,92.6001629,90.47058796,214087.4147
AMGN UW EquityFieldData.csv,8068,5,50.92184602,50.90902405,51.51302107,50.30191062,7558332.152
AMP UN EquityFieldData.csv,3095,5,73.13313086,73.15892407,73.90914378,72.35929305,640353.0595
AMT UN EquityFieldData.csv,4926,5,48.90104466,48.90752071,49.42263033,48.34535688,1058551.378
AMZN UW EquityFieldData.csv,5193,5,187.8248663,187.8395356,189.9580008,185.5228829,5100250.737
ANDV UN EquityFieldData.csv,8063,5,21.76867102,21.77387532,22.11577559,21.41210981,749017.0797
ANSS UW EquityFieldData.csv,5417,5,37.36351477,37.39873879,37.77085233,36.97554769,274808.1636
ANTM UN EquityFieldData.csv,4072,4,79.07947078,79.13678905,79.9296196,78.28499533,-99
AON UN EquityFieldData.csv,7734,5,39.04422084,39.07695177,39.40855094,38.71213977,617710.0416
AOS UN EquityFieldData.csv,5803,5,12.02839673,12.03386957,12.14891205,11.90838408,524692.2625
APA UN EquityFieldData.csv,8065,5,40.79240988,40.77406862,41.3281153,40.20088932,1235755.994
APC UN EquityFieldData.csv,7875,5,34.80623796,34.79385082,35.28442083,34.29346047,1696044.339
APD UN EquityFieldData.csv,8066,5,52.01459267,52.03137202,52.49273336,51.52187489,581306.953
APH UN EquityFieldData.csv,5187,5,22.93454263,22.94597459,23.14086015,22.72469011,1048951.611
APTV UN EquityFieldData.csv,1539,5,52.99989253,53.01070273,53.5072165,52.47639532,476619.8173
ARE UN EquityFieldData.csv,5183,5,66.64640314,66.68076404,67.29444067,65.97690064,139291.749
ARNC UN EquityFieldData.csv,293,5,24.7378157,24.76583618,25.07003754,24.44669283,1144934.096
ATVI UW EquityFieldData.csv,6018,5,10.90071576,10.9108841,11.04166041,10.74770095,4401480.145
AVB UN EquityFieldData.csv,5994,5,84.20283951,84.23371438,84.98519069,83.38722606,258556.4706
AVGO UW EquityFieldData.csv,2116,5,86.35493856,86.36099716,87.33217628,85.2489603,762319.8644
AVY UN EquityFieldData.csv,8066,5,39.50721825,39.52112342,39.90778526,39.10325815,288593.9348
AWK UN EquityFieldData.csv,2441,5,42.93064318,42.94989349,43.26748587,42.58297132,315891.5571
AXP UN EquityFieldData.csv,8065,5,35.36637637,35.37222604,35.74713275,34.98680267,3373748.095
AYI UN EquityFieldData.csv,4051,5,74.86462207,74.9197334,75.7499605,73.98800938,162154.8783
AZO UN EquityFieldData.csv,6740,5,187.7015966,187.7750684,189.3414576,186.0888917,411506.1709
B UN EquityFieldData.csv,7976,5,16.46772386,16.47665519,16.64651331,16.28844872,88881.57635
BA UN EquityFieldData.csv,8064,5,58.51734325,58.53305345,59.09489782,57.93711074,2155862.047
BAC UN EquityFieldData.csv,8066,5,21.50612452,21.5048603,21.7480527,21.25864487,11236340.13
BAX UN EquityFieldData.csv,8064,5,20.60088459,20.61007491,20.79451932,20.40764781,1552134.357
BBT UN EquityFieldData.csv,6607,5,29.50178523,29.51587153,29.80272773,29.19540321,973328.5879
BBY UN EquityFieldData.csv,7675,5,22.08863575,22.08887747,22.42364598,21.74970676,2848213.671
BDX UN EquityFieldData.csv,8066,5,52.61514617,52.64010761,53.05555753,52.17175552,695330.6235
BEN UN EquityFieldData.csv,7829,5,20.56961756,20.57353246,20.7974239,20.33501777,1353096.775
BHF UW EquityFieldData.csv,115,5,59.35652174,59.36730435,60.01982609,58.7286087,327139.9739
BHGE UN EquityFieldData.csv,7735,5,39.48056173,39.46912056,40.05569354,38.86359502,1334114.741
BIIB UW EquityFieldData.csv,6620,5,80.12409592,80.11355257,81.25213384,78.96607583,1676596.242
BK UN EquityFieldData.csv,8065,5,25.48320941,25.48511498,25.79666176,25.16110972,1899015.361
BKNG UW EquityFieldData.csv,4722,5,473.8988911,473.5478693,479.5388244,467.6073044,403567.1305
BLK UN EquityFieldData.csv,4592,5,177.248868,177.284172,179.0943582,175.3275819,140241.8365
BLL UN EquityFieldData.csv,8065,5,10.22246019,10.22692624,10.31285751,10.12974966,1400535.579
BMY UN EquityFieldData.csv,8065,5,30.98542586,30.99071294,31.31395681,30.64547578,3597927.001
BSX UN EquityFieldData.csv,6453,5,14.32079321,14.32127466,14.50844238,14.12110015,3180363.544
BWA UN EquityFieldData.csv,6141,5,19.71126317,19.72008813,19.94545877,19.47484019,946089.147
BXP UN EquityFieldData.csv,5169,5,77.3852753,77.41122867,78.11467905,76.61356336,388448.4941
C UN EquityFieldData.csv,7858,5,173.1245252,172.9717236,175.189776,170.8030413,2467947.013
CA UW EquityFieldData.csv,2438,5,26.3507055,26.35811936,26.59577933,26.09822395,1330932.747
CAG UN EquityFieldData.csv,8064,5,17.61473371,17.6204703,17.77094325,17.45243833,1032188.363
CAH UN EquityFieldData.csv,5872,5,42.78614729,42.80300754,43.21093392,42.36181945,1159042.737
CAT UN EquityFieldData.csv,8066,5,41.61134637,41.60484669,42.04478838,41.13816685,2653320.609
CB UN EquityFieldData.csv,6239,5,53.46598525,53.47689021,53.96066341,52.95724379,789866.0803
CBG UN EquityFieldData.csv,3414,5,22.80174484,22.80278158,23.11555571,22.46321872,1026365.587
CBOE UW EquityFieldData.csv,1901,5,51.29778275,51.33000263,51.74577065,50.84815886,236929.0573
CBS UN EquityFieldData.csv,4715,5,34.90436496,34.90710973,35.34282534,34.46019343,2047260.581
CCI UN EquityFieldData.csv,4198,5,44.73847308,44.74879943,45.17239328,44.29153287,772608.8325
CCL UN EquityFieldData.csv,6573,5,33.13269551,33.13277703,33.49951998,32.74627869,1372486.956
CDNS UW EquityFieldData.csv,3063,5,15.92733595,15.94214496,16.10225406,15.76033121,1129712.133
CELG UW EquityFieldData.csv,7672,3,-99,-99,24.67140099,24.02062691,3685520.333
CERN UW EquityFieldData.csv,7832,3,-99,-99,15.7565196,15.40126949,1970318.615
CF UN EquityFieldData.csv,3119,5,28.09006925,28.09273164,28.53614768,27.63687945,2225504.738
CFG UN EquityFieldData.csv,824,5,28.28604369,28.2890534,28.590875,27.96629976,1298121.169
CHD UN EquityFieldData.csv,6898,5,13.55419053,13.55947518,13.65804539,13.44948992,567789.2891
CHK UN EquityFieldData.csv,5710,5,16.32029268,16.29415564,16.59642671,15.9986004,2669523.476
CHRW UW EquityFieldData.csv,5087,5,42.6384653,42.66634573,43.1088768,42.1760398,646818.5669
CHTR UW EquityFieldData.csv,1838,5,165.444303,165.5507514,167.2712905,163.6961768,345031.4739
CI UN EquityFieldData.csv,8066,5,36.99031689,37.01578068,37.40281664,36.61132879,1661455.897
CINF UW EquityFieldData.csv,8067,5,30.0968858,30.0987274,30.36545289,29.79409876,294382.8643
CL UN EquityFieldData.csv,8065,5,27.72062487,27.73756154,27.94411231,27.5016168,2666454.789
CLX UN EquityFieldData.csv,8066,5,47.49,47.50578031,47.87805839,47.09990863,543370.4835
CMA UN EquityFieldData.csv,8065,4,36.86677212,36.87415959,37.26884852,36.45491808,-99
CMCSA UW EquityFieldData.csv,8067,5,10.42442511,10.42459617,10.5471346,10.29561525,7298322.216
CME UW EquityFieldData.csv,2385,5,75.79571237,75.81587379,76.60602851,74.95683648,991586.0495
CMG UN EquityFieldData.csv,3004,5,298.1362117,298.1782157,301.5768702,294.7360033,182591.3499
CMI UN EquityFieldData.csv,8066,5,41.07914642,41.08293838,41.55756906,40.5948873,953829.5751
CMS UN EquityFieldData.csv,8066,5,23.84886158,23.85776531,24.05625304,23.63355145,590048.4106
CNC UN EquityFieldData.csv,3577,5,27.30476447,27.31962958,27.68222449,26.92627635,532036.1381
CNP UN EquityFieldData.csv,8066,5,17.46066629,17.46734484,17.62221051,17.29133371,861024.9678
COF UN EquityFieldData.csv,5822,5,52.0529866,52.06519196,52.74277867,51.35231326,1628433.845
COG UN EquityFieldData.csv,6990,5,9.046123391,9.044262675,9.181335951,8.903004478,1525497.755
COL UN EquityFieldData.csv,4162,5,58.19904613,58.23799375,58.72347453,57.69301297,431872.524
COO UN EquityFieldData.csv,7710,5,48.82158608,48.83995453,49.32673441,48.29543394,179780.9141
COP UN EquityFieldData.csv,8066,5,29.80179562,29.7964516,30.11501139,29.46756677,2379489.518
COST UW EquityFieldData.csv,6093,5,62.38361753,62.41638001,63.00326248,61.78055368,2424840.109
COTY UN EquityFieldData.csv,1147,5,20.85279861,20.857585,21.11376983,20.5855789,703116.9146
CPB UN EquityFieldData.csv,8066,5,30.32417401,30.34499049,30.60883726,30.04929993,665476.2787
CRM UN EquityFieldData.csv,3406,5,35.73450015,35.75786333,36.1862842,35.28544146,2302431.316
CSCO UW EquityFieldData.csv,7023,5,18.26005878,18.2556666,18.52062515,17.99038902,44710743.48
CSRA UN EquityFieldData.csv,535,5,28.7284486,28.72351402,29.03567664,28.40097383,336760.3196
CSX UW EquityFieldData.csv,510,5,39.02652941,39.09051961,39.44647059,38.66863725,2293036.112
CTAS UW EquityFieldData.csv,8059,5,34.32988941,34.33846033,34.66217687,33.89893579,445954.4664
CTL UN EquityFieldData.csv,8063,5,24.74143319,24.73816474,24.98785328,24.4718968,633284.0254
CTSH UW EquityFieldData.csv,4916,5,23.76819343,23.77536414,24.02600059,23.49798961,3517699.577
CTXS UW EquityFieldData.csv,5555,5,32.89043522,32.8765671,33.40776943,32.32993513,2262422.853
CVS UN EquityFieldData.csv,8065,5,29.00799138,29.01323564,29.29020841,28.71640678,2293912.834
CVX UN EquityFieldData.csv,8066,5,53.83829503,53.84573427,54.31614709,53.33154493,2972231.344
CXO UN EquityFieldData.csv,2622,5,85.04856217,85.08932494,86.35105568,83.71346339,265178.7334
D UN EquityFieldData.csv,8065,5,33.84224103,33.85568889,34.09116164,33.58261224,1041474.967
DAL UN EquityFieldData.csv,2691,5,24.19848755,24.19207729,24.57673058,23.81022148,2331981.595
DE UN EquityFieldData.csv,8066,5,38.69240136,38.69940713,39.11561566,38.25446803,1850167.788
DFS UN EquityFieldData.csv,2657,5,37.61525781,37.62893113,38.01622507,37.21950019,1319019.377
DG UN EquityFieldData.csv,2046,5,55.9188172,55.93277126,56.45089394,55.38582747,669560.0117
DGX UN EquityFieldData.csv,5295,5,46.00837926,46.03810599,46.46326516,45.58496087,714576.5822
DHI UN EquityFieldData.csv,5550,5,16.32247247,16.31414924,16.57825492,16.04610319,1574938.534
DHR UN EquityFieldData.csv,8065,5,20.96033479,20.9680645,21.12884792,20.78919184,1277431.36
DIS UN EquityFieldData.csv,8066,5,32.9484686,32.95784132,33.25711907,32.63000983,4403818.095
DISCA UW EquityFieldData.csv,3134,5,21.69216481,21.69435932,21.94141921,21.42962198,859734.4965
DISCK UW EquityFieldData.csv,2338,5,24.0295787,24.04329769,24.31400128,23.76781985,514682.2027
DISH UW EquityFieldData.csv,5674,5,29.54323867,29.53943733,30.00774045,29.05543087,1586528.606
DLR UN EquityFieldData.csv,3316,5,56.36492159,56.38821472,56.9749614,55.71376478,356727.794
DLTR UW EquityFieldData.csv,5748,5,25.42211006,25.4291435,25.72558979,25.11454709,1929281.43
DOV UN EquityFieldData.csv,8065,5,32.17617174,32.18602224,32.50647526,31.84150895,493418.327
DPS UN EquityFieldData.csv,2438,5,53.84505742,53.87894176,54.27370057,53.44340607,494797.4524
DRE UN EquityFieldData.csv,7989,5,19.19750897,19.20746324,19.44476354,18.970498,414942.5437
DRI UN EquityFieldData.csv,5702,5,31.03066598,31.0450885,31.37957676,30.69391568,734189.8513
DTE UN EquityFieldData.csv,8066,5,42.86170655,42.88420314,43.19051884,42.52954866,383482.761
DUK UN EquityFieldData.csv,8065,5,47.04162962,47.04928803,47.41165113,46.64508951,627379.2774
DVA UN EquityFieldData.csv,5581,5,29.74390815,29.75052299,30.01539966,29.46909403,839077.6952
DVN UN EquityFieldData.csv,3329,5,61.51602884,61.48747522,62.36640553,60.59150826,1580644.786
DWDP UN EquityFieldData.csv,8065,5,31.66823112,31.67557929,32.01194689,31.31832784,2427802.715
DXC UN EquityFieldData.csv,201,5,83.039801,83.07537313,83.72178607,82.39276119,498699.8358
EA UW EquityFieldData.csv,7120,3,-99,-99,28.90028473,28.01160302,3072451.874
EBAY UW EquityFieldData.csv,4849,5,15.14518373,15.14892504,15.35372365,14.9392522,11222803.48
ECL UN EquityFieldData.csv,7828,5,36.29595954,36.31995922,36.59402032,36.0102085,509455.7679
ED UN EquityFieldData.csv,8066,5,41.23097973,41.24665943,41.52914865,40.92184509,538323.5243
EFX UN EquityFieldData.csv,8066,5,31.03799331,31.06116427,31.32672973,30.75322589,323654.9841
EIX UN EquityFieldData.csv,8065,5,31.58742095,31.60423094,31.8724212,31.30770558,808990.9541
EL UN EquityFieldData.csv,5568,5,36.55651959,36.57352326,36.89924555,36.2174306,1135859.782
EMN UN EquityFieldData.csv,6043,5,38.43305873,38.4432675,38.82355486,38.03444683,681735.515
EMR UN EquityFieldData.csv,8064,5,31.78810988,31.79537361,32.10153385,31.46942396,1589812.289
EOG UN EquityFieldData.csv,7116,5,30.95788272,30.95640996,31.36607628,30.52785672,1950276.594
EQIX UW EquityFieldData.csv,3777,5,144.090605,144.2054903,145.7824316,142.4186111,263406.0487
EQT UN EquityFieldData.csv,8063,5,28.82248993,28.82429198,29.1599704,28.47528218,360062.1781
ES UN EquityFieldData.csv,8065,5,26.57837167,26.59775077,26.79408723,26.36533007,365626.3297
ESRX UW EquityFieldData.csv,6438,5,26.74490536,26.75400547,27.04266568,26.43834001,3637119.43
ESS UN EquityFieldData.csv,5936,5,98.35380391,98.39904481,99.26342318,97.42542284,104448.8839
ETFC UW EquityFieldData.csv,3907,5,67.21399378,66.90911101,69.1500999,64.89713304,895043.1193
ETN UN EquityFieldData.csv,8065,5,27.76253281,27.77041887,28.03763184,27.48433271,1027492.383
ETR UN EquityFieldData.csv,7201,5,53.14173448,53.15944903,53.60164345,52.6788074,579668.4597
EVHC UN EquityFieldData.csv,271,5,54.28147601,54.22225092,54.95059041,53.48736162,548515.214
EW UN EquityFieldData.csv,4470,5,31.9497877,31.96500828,32.28399664,31.6338047,889126.5998
EXC UN EquityFieldData.csv,8066,5,28.3733805,28.38254337,28.65807053,28.08395434,1379548.14
EXPD UW EquityFieldData.csv,8063,5,20.74937874,20.76637773,20.88425156,20.38167901,873122.1419
EXPE UW EquityFieldData.csv,3135,5,53.99931164,54.00607974,54.65656013,53.30756715,815690.8335
EXR UN EquityFieldData.csv,3371,5,35.13096707,35.14614654,35.4845488,34.76667784,275893.898
F UN EquityFieldData.csv,8065,5,16.66466738,16.65448408,16.8683337,16.44345569,6181943.207
FAST UW EquityFieldData.csv,7655,3,-99,-99,16.86695219,16.46341048,1414518.325
FB UW EquityFieldData.csv,1415,4,85.72380565,85.72259011,86.56027915,84.80901272,-99
FBHS UN EquityFieldData.csv,1583,5,43.83559065,43.87374605,44.29138598,43.40434997,308050.2123
FCX UN EquityFieldData.csv,5658,5,21.87656022,21.8552524,22.22623726,21.4843147,3908750.139
FDX UN EquityFieldData.csv,8066,5,63.85858975,63.8768731,64.49138869,63.21873382,915475.3849
FE UN EquityFieldData.csv,5068,5,39.5509851,39.55561217,39.92872484,39.1566252,872582.3082
FFIV UW EquityFieldData.csv,4677,4,58.91406009,58.92387896,59.86406309,57.98209431,-99
FIS UN EquityFieldData.csv,4159,5,35.26357372,35.29020815,35.56191522,34.97381116,500828.1972
FISV UW EquityFieldData.csv,7882,5,24.283757,24.29823124,24.46582861,24.00849395,1400600.595
FITB UW EquityFieldData.csv,8068,5,23.5069109,23.51862436,23.78379322,23.21934711,1757652.142
FL UN EquityFieldData.csv,8055,5,25.44275703,25.44658196,25.75735608,25.11635943,668136.7157
FLIR UW EquityFieldData.csv,6174,5,15.99145927,16.00142636,16.19802803,15.78167654,713538.6712
FLR UN EquityFieldData.csv,4296,5,45.49419155,45.49141378,46.10700519,44.84506562,832383.9411
FLS UN EquityFieldData.csv,5145,5,26.69494599,26.70018533,27.01359572,26.36681712,662079.298
FMC UN EquityFieldData.csv,8058,5,21.036093,21.04211472,21.25534114,20.81719868,509888.8063
FOX UW EquityFieldData.csv,2268,5,23.1803709,23.19565657,23.41787262,22.95000265,1110009.312
FOXA UW EquityFieldData.csv,2268,5,22.92150463,22.92934533,23.16566971,22.67707725,4285030.995
FRT UN EquityFieldData.csv,8066,5,53.33461059,53.35539363,53.81501017,52.83293714,125256.3528
FTI UN EquityFieldData.csv,4163,5,26.18478926,26.18977934,26.54038998,25.81640144,1225163.615
FTV UN EquityFieldData.csv,390,5,59.79061697,59.82241645,60.23155527,59.37764781,341361.1154
GD UN EquityFieldData.csv,8066,5,49.80046727,49.82749331,50.24384763,49.37086858,957231.9943
GE UN EquityFieldData.csv,8066,5,21.37043222,21.36927933,21.58302794,21.1419284,13900588.5
GGP UN EquityFieldData.csv,6002,5,16.87852659,16.87905986,17.05241803,16.69159508,795453.8429
GILD UW EquityFieldData.csv,6534,5,23.13082664,23.12046883,23.39777318,22.83726849,10454028.57
GIS UN EquityFieldData.csv,8066,5,24.94846304,24.96204117,25.13401794,24.76905672,1650608.139
GLW UN EquityFieldData.csv,8065,5,15.6013278,15.59562255,15.85127352,15.3398943,3446077.436
GM UN EquityFieldData.csv,1791,5,31.93394752,31.91699051,32.25356728,31.57134841,3569601.46
GOOG UW EquityFieldData.csv,949,5,714.1479241,714.0665195,719.3493751,708.3898377,622496.8051
GOOGL UW EquityFieldData.csv,3366,5,396.66518,396.5270395,400.0288357,392.9145178,1851609.295
GPC UN EquityFieldData.csv,8064,5,40.19319332,40.20134754,40.52164838,39.8352041,292015.6043
GPN UN EquityFieldData.csv,4267,5,28.31204038,28.3247311,28.59135111,28.02926857,603003.5662
GPS UN EquityFieldData.csv,8066,5,17.38195446,17.38959588,17.6330846,17.13241369,3139751.82
GRMN UW EquityFieldData.csv,4567,5,34.44203683,34.43145782,34.92269844,33.918797,719089.7854
GS UN EquityFieldData.csv,4698,4,138.7182286,138.7475679,140.4154493,137.0328323,-99
GT UW EquityFieldData.csv,1268,5,26.93788249,26.94547319,27.25208596,26.62696924,1040470.577
GWW UN EquityFieldData.csv,8066,5,81.26852827,81.31296739,82.04257835,80.51559534,248351.2429
HAL UN EquityFieldData.csv,8065,5,22.65191954,22.64173282,22.9812323,22.29861785,3825725.801
HAS UW EquityFieldData.csv,1769,5,60.77561334,60.77358677,61.29870266,60.22570379,465202.3149
HBAN UW EquityFieldData.csv,8067,5,12.77355091,12.77551749,12.93021598,12.61143274,1352868.911
HBI UN EquityFieldData.csv,2864,5,13.7176772,13.71849075,13.87814141,13.55023006,1193660.255
HCA UN EquityFieldData.csv,1715,5,56.46799417,56.50167347,57.13935452,55.82570729,703568.7434
HCP UN EquityFieldData.csv,8066,5,20.3809139,20.3885112,20.58168916,20.16198237,471463.1686
HD UN EquityFieldData.csv,8060,5,37.31941464,37.32631191,37.68953908,36.94400385,4781442.865
HES UN EquityFieldData.csv,8066,5,34.94181575,34.92968998,35.4102269,34.436789,1301214.883
HIG UN EquityFieldData.csv,5549,5,48.18070378,48.18376953,48.74628393,47.60897666,1179017.153
HII UN EquityFieldData.csv,1707,5,105.1628061,105.2519859,106.103396,104.2724265,83186.93849
HLT UN EquityFieldData.csv,1020,5,53.18923363,53.19279853,53.68871029,52.67239098,485099.4539
HOG UN EquityFieldData.csv,7688,5,31.17375786,31.18118972,31.54111755,30.78729275,1072135.369
HOLX UW EquityFieldData.csv,7013,5,12.82823773,12.8329756,13.00642819,12.63602634,788220.6296
HON UN EquityFieldData.csv,8064,5,42.35972858,42.36625531,42.77228765,41.93651659,1731952.712
HP UN EquityFieldData.csv,8066,5,25.33301821,25.33224539,25.71327472,24.92523898,460136.3311
HPE UN EquityFieldData.csv,555,5,12.06034414,12.08010234,12.21468901,11.93216991,3201685.038
HPQ UN EquityFieldData.csv,8064,5,10.57322237,10.58190377,10.72282386,10.43620696,5686899.835
HRB UN EquityFieldData.csv,8066,5,15.5144722,15.52124742,15.69420511,15.33581041,1258846.291
HRL UN EquityFieldData.csv,7045,5,10.38170437,10.3852259,10.46773713,10.29389164,692698.3543
HRS UN EquityFieldData.csv,8065,5,29.99699534,30.00301141,30.29074241,29.6942871,476923.0857
HSIC UW EquityFieldData.csv,5578,5,29.58100305,29.59334439,29.85245034,29.30232503,796966.0586
HST UN EquityFieldData.csv,6831,5,13.41534185,13.41923241,13.57936229,13.24094317,1370678.312
HSY UN EquityFieldData.csv,8066,5,39.45561298,39.48370484,39.77824446,39.15173862,571156.272
HUM UN EquityFieldData.csv,8064,5,46.55774628,46.58276252,47.12604204,46.01275893,652145.2421
IBM UN EquityFieldData.csv,8065,5,87.59900257,87.63987204,88.41902484,86.84497231,5062851.361
ICE UN EquityFieldData.csv,3051,5,32.6294238,32.63462799,33.02000066,32.2269551,2084486.392
IDXX UW EquityFieldData.csv,6687,1,-99,-99,28.05900096,-99,-99
IFF UN EquityFieldData.csv,8066,5,47.58815125,47.61608604,47.99872502,47.17118733,243975.9119
ILMN UW EquityFieldData.csv,4384,5,60.19450411,60.2375771,61.09131113,59.28257482,546630.4754
INCY UW EquityFieldData.csv,5821,5,26.86219218,26.84055679,27.49961386,26.17287114,582494.2952
INFO UW EquityFieldData.csv,891,5,33.41090909,33.4458642,33.71107183,33.1427385,411833.7003
INTC UW EquityFieldData.csv,8067,5,18.56524896,18.56233568,18.82504225,18.30420569,44222413.66
INTU UW EquityFieldData.csv,6249,5,37.37435307,37.40145519,37.81773736,36.94276408,2884328.316
IP UN EquityFieldData.csv,8065,5,35.06063466,35.04517464,35.45606112,34.62887095,1394961.41
IPG UN EquityFieldData.csv,8065,5,14.91142558,14.91919761,15.09717764,14.71756537,1112016.314
IPGP UW EquityFieldData.csv,2781,5,58.02774721,58.03231212,58.82209097,57.18919094,123443.6962
IQV UN EquityFieldData.csv,1171,5,66.79369769,66.82625107,67.40350128,66.17268745,252235.2297
IR UN EquityFieldData.csv,8065,5,24.88279782,24.89047343,25.15627076,24.60988931,1091784.975
IRM UN EquityFieldData.csv,4703,5,22.32118688,22.33219411,22.54637278,22.0894505,577803.1442
ISRG UW EquityFieldData.csv,4417,5,95.58897034,95.64133741,96.71027219,94.50813179,732918.2744
IT UN EquityFieldData.csv,4856,5,36.12020428,36.15415527,36.50383979,35.75373167,229090.5181
ITW UN EquityFieldData.csv,8066,5,38.44019818,38.45911349,38.78375733,38.09897979,965613.905
IVZ UN EquityFieldData.csv,5619,5,22.52094946,22.53446254,22.79411274,22.24686875,528611.0723
JBHT UW EquityFieldData.csv,8068,5,24.16280196,24.17808987,24.44176823,23.889772,635838.519
JCI UN EquityFieldData.csv,8066,5,17.96714231,17.97092693,18.16968533,17.75617333,1071674.047
JEC UN EquityFieldData.csv,7065,5,27.44847012,27.45393086,27.79660763,27.08607778,394149.1224
JNJ UN EquityFieldData.csv,8066,5,47.69280102,47.70781589,48.04103075,47.34337565,4767591.217
JNPR UN EquityFieldData.csv,2057,5,25.12246962,25.14221196,25.43682839,24.83415119,1592004.015
JPM UN EquityFieldData.csv,8066,5,34.85870426,34.86248703,35.27273371,34.43709876,5427069.491
JWN UN EquityFieldData.csv,4671,5,36.22297386,36.23681546,36.70210617,35.75684723,1121060.255
K UN EquityFieldData.csv,8065,5,39.6201527,39.64306552,39.94984878,39.2938718,684591.2723
KEY UN EquityFieldData.csv,6381,5,20.2381664,20.24007955,20.46842644,19.99871283,1771962.335
KHC UW EquityFieldData.csv,629,5,82.36771065,82.35786963,82.97446741,81.66858506,1179044.203
KIM UN EquityFieldData.csv,6575,5,18.76766522,18.77083203,18.95800312,18.56018794,720993.8703
KLAC UW EquityFieldData.csv,8068,5,33.61531039,33.61591625,34.18081904,33.03909923,2359226.538
KMB UN EquityFieldData.csv,8065,5,53.60318011,53.62910484,54.03823866,53.18727921,942961.7252
KMI UN EquityFieldData.csv,1733,5,30.0819446,30.05257357,30.35220716,29.74971898,2404387.699
KMX UN EquityFieldData.csv,3849,5,31.44852429,31.45974279,31.8419761,31.05246558,1054225.89
KO UN EquityFieldData.csv,8065,5,23.24523216,23.25962839,23.43845769,23.05657006,6998724.798
KORS UN EquityFieldData.csv,1520,5,56.34157237,56.30473026,57.04817961,55.55330461,711369.425
KR UN EquityFieldData.csv,8065,5,10.83238634,10.83821106,10.95429405,10.71508919,3494718.707
KSS UN EquityFieldData.csv,6453,5,40.87240375,40.87641737,41.41698923,40.31499523,1446227.256
KSU UN EquityFieldData.csv,8066,5,27.66269769,27.67381757,28.00055573,27.32312398,275116.2873
L UN EquityFieldData.csv,8066,5,22.82673125,22.82853613,23.02049399,22.62749531,1236866.899
LB UN EquityFieldData.csv,8065,5,24.1495721,24.16062211,24.45992584,23.84106717,1565587.209
LEG UN EquityFieldData.csv,8065,5,19.6467096,19.65120042,19.84113939,19.4404303,369857.1693
LEN UN EquityFieldData.csv,8052,5,20.11873048,20.10851883,20.41018928,19.8057435,910417.4082
LH UN EquityFieldData.csv,5709,5,61.18876458,61.21879909,61.7483279,60.63234016,458829.5043
LKQ UW EquityFieldData.csv,3586,5,15.78326994,15.78682259,15.95856339,15.59383031,698132.9144
LLL UN EquityFieldData.csv,4938,5,76.82340231,76.84653643,77.52310557,76.12599154,462264.1049
LLY UN EquityFieldData.csv,8066,5,45.00708759,45.02675705,45.48616137,44.53655576,2238217.083
LMT UN EquityFieldData.csv,5740,5,91.85236098,91.90498293,92.64890679,91.0968669,1104941.178
LNC UN EquityFieldData.csv,8066,5,33.5713742,33.57077612,33.96128606,33.16829374,656895.9308
LNT UN EquityFieldData.csv,7496,5,17.95772009,17.96800977,18.09395384,17.8139424,331839.8883
LOW UN EquityFieldData.csv,8066,5,21.15694259,21.16556929,21.39379487,20.93082405,4251279.682
LRCX UW EquityFieldData.csv,8068,5,30.0674904,30.06407952,30.55242772,29.55381305,1615691.438
LUK UN EquityFieldData.csv,7993,5,14.76124774,14.76230469,14.92719477,14.58694235,318755.8718
LUV UN EquityFieldData.csv,8064,5,13.04552018,13.04973403,13.21978721,12.8717405,2466119.416
LYB UN EquityFieldData.csv,1816,5,71.14835352,71.16463656,71.96003029,70.32428084,831879.6134
M UN EquityFieldData.csv,6497,5,26.06154936,26.06029922,26.41030563,25.70807523,2264484.331
MA UN EquityFieldData.csv,2921,5,52.46517665,52.48237179,52.94914789,51.98623519,4748639.593
MAA UN EquityFieldData.csv,6024,5,46.97338106,46.98987716,47.39196937,46.53076693,99065.05362
MAC UN EquityFieldData.csv,5996,5,43.94878634,43.96337403,44.38957572,43.49155702,288519.5715
MAR UW EquityFieldData.csv,1057,5,76.38593661,76.46167455,77.04770009,75.77815989,895048.6102
MAS UN EquityFieldData.csv,8065,5,17.92528394,17.92168291,18.14466327,17.68994901,1136062.928
MAT UW EquityFieldData.csv,2077,5,29.57176697,29.56642513,29.84959557,29.27145643,1312421.106
MCD UN EquityFieldData.csv,8064,5,43.62771491,43.64813777,43.9850785,43.28923165,3126336.562
MCHP UW EquityFieldData.csv,6244,5,27.94522238,27.93970822,28.34917612,27.52113026,1792313.628
MCK UN EquityFieldData.csv,5790,5,73.04805233,73.06655147,73.77125216,72.31058549,840436.347
MCO UN EquityFieldData.csv,4912,5,47.57560745,47.60645566,48.07587852,47.09878583,852348.9575
MDLZ UW EquityFieldData.csv,1388,5,37.58749222,37.59021671,37.87955036,37.29287378,2889707.549
MDT UN EquityFieldData.csv,8066,5,33.76376191,33.77621987,34.09298258,33.43451928,2682745.372
MET UN EquityFieldData.csv,4463,5,37.5442557,37.53845106,37.97701723,37.07379166,2001139.829
MGM UN EquityFieldData.csv,7065,5,18.35078542,18.34180753,18.62415527,18.05586933,1339098.551
MHK UN EquityFieldData.csv,5043,5,86.37276224,86.37689371,87.30712988,85.40990918,272718.4004
MKC UN EquityFieldData.csv,4682,5,46.38571551,46.40774464,46.72127674,46.05043524,298115.9543
MLM UN EquityFieldData.csv,6007,5,78.82835825,78.82918945,79.80834993,77.81495838,189476.5635
MMC UN EquityFieldData.csv,8066,5,30.53468897,30.55778013,30.8377092,30.25832203,1131737.708
MMM UN EquityFieldData.csv,8066,5,65.6221877,65.64560712,66.13794669,65.10795586,1767778.699
MNST UW EquityFieldData.csv,7947,3,-99,-99,8.234351416,8.037358842,3944586.469
MO UN EquityFieldData.csv,8065,5,17.51368412,17.51928988,17.65425286,17.37412228,5361690.494
MON UN EquityFieldData.csv,4327,5,66.85235637,66.86138387,67.60441437,66.09445135,1636061.681
MOS UN EquityFieldData.csv,3320,5,44.87401205,44.83488855,45.62991717,44.02797018,1210112.715
MPC UN EquityFieldData.csv,1642,5,39.75402862,39.76803593,40.3054729,39.20802832,1515567.284
MRK UN EquityFieldData.csv,8066,5,37.7703729,37.78517954,38.15481004,37.38841397,4727007.376
MRO UN EquityFieldData.csv,6714,5,15.8246141,15.81879803,16.0319494,15.59917085,2286926.203
MS UN EquityFieldData.csv,6261,5,33.19744479,33.20437379,33.70817076,32.68158764,3602842.805
MSFT UW EquityFieldData.csv,8018,5,22.66425441,22.66926482,22.91401479,22.41487592,47222567.58
MSI UN EquityFieldData.csv,8064,5,54.85410961,54.861102,55.6213642,54.09301057,999899.8969
MTB UN EquityFieldData.csv,4930,5,92.04661034,92.06189939,92.8910288,91.14972799,283787.3008
MTD UN EquityFieldData.csv,5064,5,140.3698288,140.4513624,141.6829445,139.1148653,110336.0284
MU UW EquityFieldData.csv,2015,5,16.84063772,16.82679156,17.10132903,16.55127146,7082427.171
MYL UW EquityFieldData.csv,2268,5,33.47683422,33.46814153,33.89924162,33.02087081,1849920.813
NAVI UW EquityFieldData.csv,934,5,15.40444861,15.41067452,15.6122591,15.21240364,951626.4379
NBL UN EquityFieldData.csv,8065,5,19.62150854,19.62078153,19.87777368,19.35073002,1086111.939
NCLH UN EquityFieldData.csv,8,5,54.4425,54.14625,54.8025,53.93125,330995.5
NDAQ UW EquityFieldData.csv,3245,5,36.79705239,36.80882558,37.26838431,36.32615593,820367.8092
NEE UN EquityFieldData.csv,8066,5,43.37513015,43.39489673,43.71595356,43.03042843,831644.8986
NEM UN EquityFieldData.csv,8064,5,36.2798081,36.26547486,36.77245541,35.76171434,1677809.753
NFLX UW EquityFieldData.csv,3930,5,34.18626132,34.19787125,34.69164326,33.6632402,6426657.635
NFX UN EquityFieldData.csv,6068,5,28.1376208,28.12490679,28.57889829,27.66285964,624026.16
NI UN EquityFieldData.csv,8066,5,8.545483672,8.549411282,8.617129221,8.475044185,583971.9898
NKE UN EquityFieldData.csv,6854,5,16.12124618,16.12992645,16.27979336,15.9694131,7236627.452
NLSN UN EquityFieldData.csv,1745,5,39.25012607,39.27730659,39.61273582,38.91834556,490820.0636
NOC UN EquityFieldData.csv,8066,5,57.11794954,57.14717518,57.59825738,56.65789797,678152.4493
NOV UN EquityFieldData.csv,5329,5,32.96995222,32.96166737,33.47346337,32.41550086,1498019.262
NRG UN EquityFieldData.csv,3467,5,23.60849005,23.59765503,23.91666628,23.27734987,1226794.037
NSC UN EquityFieldData.csv,8065,5,40.40836217,40.42941538,40.85684601,39.97181401,896944.2274
NTAP UW EquityFieldData.csv,5566,5,28.45192146,28.45224119,29.05555013,27.84166861,3280725.983
NTRS UW EquityFieldData.csv,8067,5,38.71305395,38.7243419,39.1637854,38.23414258,674028.2232
NUE UN EquityFieldData.csv,8065,5,24.84314632,24.83993422,25.1791041,24.49043271,1472194.624
NVDA UW EquityFieldData.csv,4768,5,22.82697583,22.82919994,23.20975471,22.41669528,8727060.243
NWL UN EquityFieldData.csv,8066,5,24.20559736,24.20851705,24.46639551,23.92474695,740071.8997
NWS UW EquityFieldData.csv,1143,5,14.74057743,14.74389326,14.87953631,14.59495626,291829.5241
NWSA UW EquityFieldData.csv,1143,5,14.66700787,14.66653106,14.80871829,14.51251094,974287.7594
O UN EquityFieldData.csv,5843,5,26.84583758,26.85286291,27.09137667,26.57663366,297877.6649
OKE UN EquityFieldData.csv,8066,5,16.02067811,16.02724905,16.19418019,15.84632855,474906.4745
OMC UN EquityFieldData.csv,6779,5,37.9896357,38.00794569,38.35448736,37.62093888,1094912.828
ORCL UN EquityFieldData.csv,1126,5,40.78301954,40.80837478,41.08901155,40.5197984,3592827.005
ORLY UW EquityFieldData.csv,6217,5,59.65979878,59.69564919,60.26877803,59.08145874,434834.239
OXY UN EquityFieldData.csv,8064,5,35.87641523,35.87510503,36.28043421,35.44096296,1820910.603
PAYX UW EquityFieldData.csv,8068,5,23.722035,23.72143569,24.00118798,23.42238279,1508813.756
PBCT UW EquityFieldData.csv,7433,5,8.878540479,8.878102019,8.969859021,8.778838361,746388.9613
PCAR UW EquityFieldData.csv,8068,5,24.26716708,24.27397959,24.55996605,23.95606525,1328634.96
PCG UN EquityFieldData.csv,8066,5,33.12589976,33.15032451,33.41652027,32.84418411,854385.9054
PDCO UW EquityFieldData.csv,6341,5,25.02405382,25.0387352,25.29755185,24.75367128,511356.0664
PEG UN EquityFieldData.csv,8064,5,24.10969466,24.12227553,24.32552194,23.89066323,980288.9381
PEP UW EquityFieldData.csv,7,5,118.9685714,119.0485714,119.4414286,118.5371429,1033372.286
PFE UN EquityFieldData.csv,8065,5,20.60692591,20.6057436,20.81905878,20.38551091,10701429.86
PFG UW EquityFieldData.csv,9,5,71.33666667,71.06333333,71.61611111,70.725,371592
PG UN EquityFieldData.csv,8066,5,42.60661624,42.6419435,42.94799257,42.29540508,4231812.427
PGR UN EquityFieldData.csv,7710,5,14.29030704,14.29796767,14.42177593,14.16374494,1954597.787
PH UN EquityFieldData.csv,8065,5,45.85240475,45.86642531,46.32877454,45.36644796,560741.7863
PHM UN EquityFieldData.csv,8065,5,11.31098857,11.30673182,11.49325927,11.11928651,1321135.53
PKG UN EquityFieldData.csv,4510,5,35.94253769,35.9511286,36.31850044,35.5525806,334740.2763
PKI UN EquityFieldData.csv,8066,5,21.38158871,21.38978175,21.63012194,21.12708928,380026.411
PLD UN EquityFieldData.csv,5059,5,36.02938377,36.03276339,36.3894404,35.63369045,543220.5262
PM UN EquityFieldData.csv,2467,5,76.63914471,76.68084718,77.24345886,76.08456709,2141416.398
PNC UN EquityFieldData.csv,7609,5,52.47759265,52.49616145,53.03937147,51.9150803,814245.3124
PNR UN EquityFieldData.csv,5495,5,34.99642278,35.0047059,35.37386084,34.61350779,350975.6861
PNW UN EquityFieldData.csv,7734,5,37.9510748,37.9631452,38.25591705,37.6358345,286102.4959
PPG UN EquityFieldData.csv,8066,5,36.28770382,36.3053392,36.62050769,35.95954959,837054.9054
PPL UN EquityFieldData.csv,8066,5,20.05332317,20.06084616,20.22274137,19.87622606,804619.1809
PRGO UN EquityFieldData.csv,1152,5,127.2311806,127.202283,128.5656823,125.7454557,318189.4505
PRU UN EquityFieldData.csv,4040,5,65.13494802,65.15658168,65.8671302,64.41063193,1339417.24
PSA UN EquityFieldData.csv,5842,5,86.67803578,86.73613129,87.48622407,85.87740722,312330.0286
PSX UN EquityFieldData.csv,1447,4,72.41924326,72.45814789,73.18031375,71.6882405,-99
PVH UN EquityFieldData.csv,8064,5,37.94524771,37.9451361,38.41334542,37.4579685,170122.1937
PWR UN EquityFieldData.csv,5004,5,21.24908269,21.2439552,21.59016934,20.88293591,605936.3217
PX UN EquityFieldData.csv,6433,4,58.60342702,58.64445251,59.14583274,58.08457034,-99
PXD UN EquityFieldData.csv,5133,5,70.16109624,70.16096084,71.16954744,69.09565089,578340.6651
PYPL UW EquityFieldData.csv,629,5,44.7681876,44.75114467,45.21374404,44.2418442,2411843.734
QCOM UW EquityFieldData.csv,6563,4,33.27337253,33.28306805,33.74434222,32.80923026,-99
QRVO UW EquityFieldData.csv,755,5,61.90170861,61.92650331,62.8612649,60.89506623,583009.7775
RCL UN EquityFieldData.csv,6216,5,36.57268452,36.57289895,37.0317478,36.09414907,638400.7539
RE UN EquityFieldData.csv,5601,5,92.96640957,92.98663944,93.78759704,92.13795162,230958.0673
REG UN EquityFieldData.csv,6079,5,41.67941479,41.69723886,42.07485795,41.26579454,201358.9072
REGN UW EquityFieldData.csv,6742,5,88.70175564,88.68780119,90.14368887,87.17251766,249988.0507
RF UN EquityFieldData.csv,3944,5,17.3390074,17.33287419,17.5310626,17.12841065,2875012.587
RHI UN EquityFieldData.csv,6959,1,-99,-99,-99,-99,486976.127
RHT UN EquityFieldData.csv,2782,5,49.47859454,49.50065421,50.02062114,48.92622214,576042.3106
RJF UN EquityFieldData.csv,7950,5,20.04321045,20.05105859,20.2790282,19.79771958,257377.4556
RL UN EquityFieldData.csv,5173,5,73.84917601,73.86279045,74.73167147,72.94446907,344114.1144
RMD UN EquityFieldData.csv,4593,5,29.65932304,29.69258045,29.95074936,29.39626109,545583.9632
ROK UN EquityFieldData.csv,5305,5,59.39210858,59.43093874,60.03499001,58.78208765,525722.3389
ROP UN EquityFieldData.csv,5326,5,69.65380943,69.69734683,70.2504255,69.06093791,217860.138
ROST UW EquityFieldData.csv,8067,5,11.88473973,11.88714173,12.00680037,11.76018674,4988996.383
RRC UN EquityFieldData.csv,7104,5,57.42450919,57.38702952,58.21494526,56.54087283,484608.8716
RSG UN EquityFieldData.csv,4908,5,27.24642571,27.25993042,27.48677245,27.00501157,740717.0416
RTN UN EquityFieldData.csv,8066,5,49.03546008,49.05997075,49.46605195,48.61093871,842536.8625
SBAC UW EquityFieldData.csv,4667,5,46.78033576,46.80142147,47.36741526,46.18884594,549359.0551
SBUX UW EquityFieldData.csv,6428,5,15.75787623,15.76317232,15.91719319,15.59729784,11087713.62
SCG UN EquityFieldData.csv,8066,5,32.93707414,32.95304333,33.18184751,32.68621663,208154.7843
SCHW UN EquityFieldData.csv,6575,5,13.07953471,13.08148363,13.28588356,12.86276586,3142001.473
SEE UN EquityFieldData.csv,4976,5,27.09232478,27.09012741,27.38982886,26.78147966,743855.5412
SHW UN EquityFieldData.csv,8065,5,68.63810626,68.68694594,69.27412709,68.02652188,414546.0491
SIG UN EquityFieldData.csv,3304,5,57.46031174,57.4779086,58.10205751,56.81186804,155513.1698
SJM UN EquityFieldData.csv,6612,5,53.61095236,53.63638612,54.04238309,53.1735543,148600.3404
SLB UN EquityFieldData.csv,8066,5,40.92056552,40.91308169,41.43586323,40.37112052,3593144.865
SLG UN EquityFieldData.csv,5128,5,66.21974064,66.22677506,66.92504173,65.47585901,249609.2978
SNA UN EquityFieldData.csv,8066,5,49.34159893,49.35352083,49.77847607,48.88628986,161585.6837
SNPS UW EquityFieldData.csv,6512,5,26.64302406,26.66628667,27.00490342,26.29742836,1009400.705
SO UN EquityFieldData.csv,8066,5,25.12815042,25.13917519,25.31392228,24.9378831,1195718.085
SPG UN EquityFieldData.csv,6056,5,77.57550611,77.58760139,78.29344898,76.795589,620130.8461
SPGI UN EquityFieldData.csv,8066,5,35.99380635,36.01804352,36.34487491,35.65516266,955923.7095
SPY US EquityFieldData.csv,6277,5,125.3520789,125.3499918,126.0927013,124.5269419,84141924.27
SRCL UW EquityFieldData.csv,5362,5,50.41613529,50.43839127,50.89321364,49.93162265,388530.0194
SRE UN EquityFieldData.csv,4910,5,55.52335316,55.54982098,55.98697149,55.05312363,570834.4448
STI UN EquityFieldData.csv,8066,5,40.46393473,40.47118447,40.90205583,40.00936954,794415.9798
STT UN EquityFieldData.csv,5761,5,49.23097277,49.24674435,49.8322527,48.62339892,1143005.906
STX UW EquityFieldData.csv,2340,5,31.24657692,31.25577991,31.70823504,30.77992308,2386270.69
STZ UN EquityFieldData.csv,4585,5,46.1931398,46.21609967,46.60539368,45.78656728,711529.0704
SWK UN EquityFieldData.csv,8065,5,45.14826882,45.16595524,45.58781364,44.69947626,291615.2258
SWKS UW EquityFieldData.csv,7206,5,20.32744982,20.31233334,20.54160011,19.70012076,1085361.738
SYF UN EquityFieldData.csv,862,5,30.55022042,30.54068445,30.8521949,30.209558,1418289.667
SYK UN EquityFieldData.csv,5144,5,54.32379075,54.34791262,54.79852677,53.84373486,814771.7834
SYMC UW EquityFieldData.csv,7189,5,12.16112712,12.16890796,12.32759012,11.98570735,5927261.882
SYY UN EquityFieldData.csv,8065,5,21.37525862,21.38615833,21.56865697,21.18899051,1305348.512
T UN EquityFieldData.csv,8066,5,27.7583091,27.75224209,28.02117101,27.46277087,4748925.736
TAP UN EquityFieldData.csv,4734,5,47.40343304,47.40609907,47.83607541,46.9611654,572034.9512
TDG UN EquityFieldData.csv,2971,5,123.8016661,123.8867822,124.9665591,122.6389132,119925.8543
TEL UN EquityFieldData.csv,2657,5,45.45624765,45.48477983,45.90276214,45.03294543,705421.2559
TGT UN EquityFieldData.csv,8066,5,33.27005846,33.27515815,33.64230492,32.8903939,3022599.298
TIF UN EquityFieldData.csv,7727,5,33.80724675,33.81438896,34.23024963,33.37123475,717358.5313
TJX UN EquityFieldData.csv,7686,5,18.42274506,18.4312912,18.60299132,18.25065125,3598953.122
TMK UN EquityFieldData.csv,8064,5,21.87029236,21.87990511,22.05533831,21.68733486,610047.1111
TMO UN EquityFieldData.csv,8064,5,41.94854291,41.96357217,42.33390501,41.55477555,547508.1341
TPR UN EquityFieldData.csv,4336,5,33.80766716,33.81379562,34.24800028,33.35383393,1830504.581
TRIP UW EquityFieldData.csv,1526,5,61.97919725,61.96816186,62.88119594,61.0354882,712433.382
TROW UW EquityFieldData.csv,8005,5,29.91006408,29.91113087,30.21057582,29.49050061,851539.432
TRV UN EquityFieldData.csv,8056,5,44.28938915,44.29890218,44.68070544,43.89845109,991042.5624
TSCO UW EquityFieldData.csv,5976,1,-99,-99,-99,-99,796678.7888
TSN UN EquityFieldData.csv,5084,5,23.68747787,23.69828236,23.96074489,23.42016985,1050255.143
TSS UN EquityFieldData.csv,7128,5,20.36342706,20.37728792,20.57863685,20.14541531,198758.0866
TWX UN EquityFieldData.csv,5360,5,50.94045284,50.94433959,51.65454845,50.19151114,3954316.607
TXN UW EquityFieldData.csv,1509,5,52.71569914,52.75171637,53.14113651,52.30542081,2074849.957
TXT UN EquityFieldData.csv,8066,5,25.12100625,25.13054271,25.41335138,24.83391975,883122.8805
UA UN EquityFieldData.csv,446,5,24.64964462,24.6129278,24.96608498,24.29968722,687779.3901
UAA UN EquityFieldData.csv,2778,5,17.25080587,17.24432099,17.48587423,16.99328337,1042194.595
UAL UN EquityFieldData.csv,1826,1,-99,-99,-99,-99,1182403.352
UDR UN EquityFieldData.csv,6968,5,18.58411431,18.59270608,18.76506922,18.39449701,443278.2095
UHS UN EquityFieldData.csv,6693,5,35.2329942,35.24428476,35.62919565,34.83408354,536776.5471
ULTA UW EquityFieldData.csv,2564,5,101.8178159,101.8186603,102.9930226,100.5819735,252410.0519
UNH UN EquityFieldData.csv,6606,5,41.288835,41.30532259,41.6986815,40.88131063,4910091.519
UNM UN EquityFieldData.csv,7850,5,24.62050718,24.63056856,24.89730893,24.34216153,791949.7203
UNP UN EquityFieldData.csv,8066,5,29.45736408,29.46915497,29.74370893,29.17807193,2434474.423
UPS UN EquityFieldData.csv,4564,5,76.21001775,76.23386131,76.77997371,75.63127498,1538418.135
URI UN EquityFieldData.csv,5041,5,37.76519589,37.75697084,38.35409413,37.14527128,432213.047
USB UN EquityFieldData.csv,8066,5,20.62311591,20.63352679,20.83702048,20.40869156,2107385.943
UTX UN EquityFieldData.csv,8065,5,43.86949957,43.86881922,44.24498289,43.4770775,2459902.898
V UN EquityFieldData.csv,2465,5,45.79512373,45.81007404,46.18311886,45.41253383,4881057.547
VAR UN EquityFieldData.csv,8066,5,27.864474,27.88622101,28.13689561,27.6068604,579177.4764
VFC UN EquityFieldData.csv,8066,5,18.8820957,18.89177015,19.06522253,18.69776918,1116977.113
VIAB UW EquityFieldData.csv,1530,5,55.65262745,55.64093137,56.24050654,55.05312745,1290793.803
VLO UN EquityFieldData.csv,5138,5,30.04154488,30.03483233,30.46308819,29.59091843,3181772.957
VMC UN EquityFieldData.csv,8064,5,43.88403745,43.89084189,44.39062066,43.36104464,230753.4276
VNO UN EquityFieldData.csv,7607,5,38.60337118,38.61074358,38.96315981,38.21606798,318086.4857
VRSK UW EquityFieldData.csv,2073,5,57.81537868,57.85867101,58.25546551,57.40438977,299723.8678
VRSN UW EquityFieldData.csv,5014,5,45.1880458,45.17237716,46.13781155,44.19229908,2216234.868
VRTX UW EquityFieldData.csv,6661,5,37.40631597,37.40832125,38.15591446,36.61128847,631640.1502
VTR UN EquityFieldData.csv,6525,5,29.55662478,29.56388221,29.86325836,29.22509257,419012.0921
VZ UN EquityFieldData.csv,8066,5,33.46855553,33.47813396,33.78039888,33.14194964,3181352.603
WAT UN EquityFieldData.csv,5568,5,62.79537141,62.8248495,63.46904921,62.11535399,479729.1487
WBA UW EquityFieldData.csv,756,5,81.90865079,81.90572751,82.5981746,81.15693122,1666943.841
WDC UW EquityFieldData.csv,1405,5,71.15453381,71.15730249,72.05043416,70.23237011,1096130.647
WEC UN EquityFieldData.csv,7811,5,21.88173487,21.89698754,22.04570602,21.71692858,479512.382
WELL UN EquityFieldData.csv,6305,5,39.34645519,39.35981086,39.69023672,38.9714295,337060.1607
WFC UN EquityFieldData.csv,8065,5,22.29334847,22.29798551,22.52652223,22.0548675,5089475.812
WHR UN EquityFieldData.csv,8064,5,72.64922309,72.66036694,73.52098859,71.77027592,380003.892
WLTW UW EquityFieldData.csv,502,5,132.7300797,132.7898805,133.6647112,131.7531076,283042.6076
WM UN EquityFieldData.csv,6156,5,34.64783463,34.66330288,34.98018023,34.30898583,1170647.559
WMB UN EquityFieldData.csv,8064,5,17.72145203,17.71603909,17.96279116,17.45460895,1737091.874
WMT UN EquityFieldData.csv,8064,5,39.25758513,39.26383172,39.6213124,38.89358408,5095205.39
WRK UN EquityFieldData.csv,635,5,48.87707669,48.86802787,49.42139764,48.30808898,471917.7654
WU UN EquityFieldData.csv,2840,5,18.64659507,18.65377465,18.86229296,18.43741444,1652564.192
WY UN EquityFieldData.csv,8054,5,20.85499697,20.85861338,21.09436065,20.60718526,1633748.426
WYN UN EquityFieldData.csv,2884,5,49.79418863,49.81034327,50.29537621,49.29388974,552758.2805
WYNN UW EquityFieldData.csv,3822,5,94.05491575,94.02228755,95.57035863,92.47317669,776148.3715
XEC UN EquityFieldData.csv,3844,5,66.46790583,66.47758325,67.43168704,65.46958663,336116.0239
XL UN EquityFieldData.csv,6664,5,44.24971451,44.24924032,44.68827431,43.79444298,695902.8947
XLNX UW EquityFieldData.csv,6945,5,26.83271401,26.82566705,27.30596799,26.33982775,4347697.493
XOM UN EquityFieldData.csv,8065,4,46.4139658,46.43636415,46.82209104,46.01287113,-99
XRAY UW EquityFieldData.csv,7657,3,-99,-99,22.69316524,22.24050632,536419.4745
XRX UN EquityFieldData.csv,8055,5,39.86021405,39.86218914,40.35988361,39.33863852,633841.6002
XYL UN EquityFieldData.csv,1564,5,37.59171995,37.60159847,37.90400575,37.27129476,346959.9431
YUM UN EquityFieldData.csv,5106,5,28.72591633,28.74603057,29.00348333,28.46707272,1794115.625
ZBH UN EquityFieldData.csv,4135,5,73.69642805,73.73687062,74.38516469,73.02232261,766708.1574
ZION UW EquityFieldData.csv,8066,5,31.32995351,31.17487818,31.38584187,30.5822058,549165.5574
ZTS UN EquityFieldData.csv,1238,5,44.39271405,44.39757674,44.77307593,43.98283683,935486.7625
